65G,2019,7
65G,2019,A
65G,2019,7
65G,2019,7
65G,2019,4
65G,2019,4
65G,2019,7
65G,2019,7
65G,2019,7
65G,2019,7
65G,2019,7
65G,2019,7
651,2019,7
651,2019,4
651,2019,7
651,2018,7
651,2019,7
651,2019,7
651,2019,7
651,2019,7
651,2019,7
651,2018,1
651,2019,7
651,2019,7
651,2019,7
651,2019,7
651,2019,7
651,2019,7
651,2019,7
652,2019,4
652,2019,7
652,2019,7
652,2019,7
652,2019,7
652,2019,4
652,2019,3
652,2019,4
652,2019,7
652,2019,7
652,2019,7
652,2019,4
652,2019,1
652,2019,7
652,2019,7
652,2019,4
653,2019,7
653,2019,A
653,2019,7
653,2019,A
654,2022,7
654,2022,7
654,2022,7
654,2022,7
654,2022,7
654,2022,7
654,2022,7
654,2022,7
654,2022,7
654,2022,7
654,2021,7
654,2021,4
654,2021,3
654,2021,7
654,2021,4
66G,2022,A
66G,2022,A
66G,2022,7
66G,2022,7
66G,2022,7
66G,2022,7
66G,2022,7
66G,2022,4
66G,2022,7
66G,2022,7
66G,2022,7
66G,2022,2
66G,2022,4
66G,2022,4
66G,2022,7
66G,2022,7
66G,2022,7
66G,2022,4
66G,2022,7
66G,2022,7
66G,2022,7
66G,2022,7
661,2022,7
661,2022,7
661,2022,7
661,2022,7
661,2022,7
661,2022,7
661,2022,7
661,2022,7
661,2022,4
661,2022,7
661,2022,A
661,2022,4
661,2022,7
661,2022,7
661,2022,7
661,2022,7
661,2022,7
661,2022,7
661,2022,9
661,2022,7
661,2022,7
661,2022,7
661,2022,7
661,2022,7
661,2022,7
661,2022,7
661,2022,1
661,2022,7
661,2022,7
662,2022,7
662,2022,7
662,2022,7
662,2022,7
662,2022,7
662,2022,7
662,2022,7
662,2022,7
662,2022,9
662,2022,4
662,2022,7
662,2022,4
662,2022,7
662,2022,7
662,2022,7
662,2022,7
662,2022,7
662,2022,7
662,2022,7
662,2022,7
662,2022,7
662,2022,7
662,2022,7
662,2022,7
662,2022,4
662,2022,7
662,2022,7
662,2022,7
662,2022,7
663,2022,7
663,2022,7
663,2022,7
663,2022,4
663,2022,7
663,2022,7
663,2022,7
663,2022,A
663,2022,7
663,2022,7
663,2022,7
663,2022,7
663,2022,7
663,2022,7
663,2022,7
663,2022,7
663,2022,7
663,2022,7
663,2022,7
663,2022,7
663,2022,7
663,2022,9
663,2022,7
663,2022,7
664,2022,7
664,2021,7
664,2021,7
664,2021,7
664,2021,7
664,2021,7
664,2021,7
664,2021,7
664,2021,7
664,2021,3
664,2021,3
664,2021,7
664,2021,7
664,2021,9
664,2021,1
664,2021,7
664,2021,7
664,2021,2
664,2021,7
664,2021,7
665,2020,7
665,2016,7
665,2020,7
665,2020,7
665,2020,2
665,2020,7
665,2020,4
665,2020,7
665,2020,7
665,2020,7
665,2020,4
665,2020,7
665,2020,7
665,2020,7
665,2020,7
665,2020,7
665,2020,7
665,2020,7
665,2020,7
665,2020,7
665,2020,7
665,2020,7
665,2020,7
665,2020,7
665,2020,7
665,2020,7
665,2020,A
665,2020,9
672,2021,1
672,2021,7
672,2021,7
672,2021,4
672,2021,7
672,2021,7
672,2021,7
672,2021,7
672,2021,7
672,2021,7
672,2021,7
672,2021,7
672,2021,9
672,2021,7
672,2021,7
672,2021,7
672,2021,7
672,2021,7
672,2021,1
672,2021,7
672,2021,7
672,2021,7
672,2021,7
672,2021,A
672,2021,7
672,2021,7
672,2021,A
672,2021,7
672,2021,7
672,2021,7
672,2021,7
672,2021,4
672,2021,7
673,2021,4
673,2021,7
673,2021,7
673,2021,7
673,2021,A
673,2021,4
673,2021,7
673,2021,7
673,2021,7
673,2021,A
673,2021,3
673,2021,3
673,2021,7
673,2021,7
673,2021,7
673,2021,7
673,2021,7
673,2021,7
673,2021,A
673,2021,7
673,2021,7
673,2021,7
673,2021,7
673,2021,7
673,2021,7
673,2021,2
673,2021,7
673,2021,2
673,2021,7
673,2021,9
673,2021,7
673,2021,4
673,2021,3
674,2020,7
674,2020,7
674,2020,1
674,2020,2
674,2021,7
674,2021,7
674,2021,7
674,2021,7
674,2021,7
674,2021,7
674,2021,4
674,2020,3
674,2021,7
674,2021,A
674,2021,7
674,2020,7
674,2020,7
674,2020,7
674,2020,7
674,2020,7
674,2020,3
674,2020,7
674,2020,7
674,2020,7
674,2020,7
674,2020,7
674,2020,7
674,2020,7
674,2020,7
674,2020,7
674,2020,7
674,2020,7
675,2020,7
675,2020,2
675,2020,7
675,2020,7
675,2020,4
675,2020,7
675,2020,7
675,2020,7
675,2020,7
675,2020,7
675,2020,7
675,2020,7
675,2020,7
675,2020,7
675,2020,3
675,2020,3
675,2020,7
675,2020,7
675,2020,7
675,2020,7
675,2020,7
675,2020,7
675,2020,4
675,2020,7
675,2020,7
675,2020,7
675,2020,7
675,2020,4
675,2020,7
675,2020,7
675,2020,7
675,2020,4
675,2020,7
711,2021,7
711,2021,3
711,2021,9
711,2021,7
711,2021,7
711,2021,9
711,2021,7
711,2021,7
711,2021,7
711,2021,9
711,2021,7
711,2021,7
711,2021,1
711,2021,7
711,2021,7
711,2021,7
711,2021,9
711,2021,3
711,2021,7
711,2021,7
711,2021,7
711,2021,7
711,2020,7
712,2019,9
712,2019,7
712,2019,1
712,2019,9
712,2019,A
712,2019,7
712,2019,9
712,2019,7
712,2019,7
712,2019,7
712,2019,7
712,2019,A
712,2019,7
712,2019,4
712,2019,7
712,2019,7
712,2019,9
712,2019,7
712,2019,7
713,2022,7
713,2022,7
713,2022,7
713,2022,7
713,2022,9
713,2022,3
713,2022,7
713,2022,9
713,2022,7
713,2022,7
713,2022,7
713,2022,7
713,2022,4
713,2022,7
713,2022,A
713,2022,9
713,2022,7
713,2022,7
713,2022,7
713,2022,7
713,2022,7
713,2022,7
713,2022,7
713,2022,7
713,2022,9
714,2022,9
714,2022,7
714,2022,A
714,2022,7
714,2022,7
714,2022,4
714,2022,1
714,2022,7
714,2022,9
714,2022,7
714,2022,7
714,2022,9
714,2022,9
714,2022,7
714,2022,9
714,2021,7
714,2021,7
714,2022,7
714,2021,9
714,2021,7
714,2022,7
714,2021,9
714,2021,7
715,2020,1
715,2020,7
715,2020,3
715,2020,7
715,2020,7
715,2020,7
715,2020,7
715,2020,7
715,2020,7
715,2020,2
715,2020,7
715,2020,7
715,2020,7
715,2020,7
715,2020,9
715,2020,7
715,2020,7
715,2020,7
715,2020,7
715,2020,7
715,2020,7
715,2020,9
715,2020,7
